--
-- PostgreSQL database dump
--

\restrict u8LhJF6NZFoT6V7aGJbHikMSH7SbR3V7XhWI4QyxAeMPgJYvkXNeoLkVOWb8hiJ

-- Dumped from database version 17.7 (Ubuntu 17.7-3.pgdg24.04+1)
-- Dumped by pg_dump version 17.7 (Ubuntu 17.7-3.pgdg24.04+1)

SET statement_timeout = 0;
SET lock_timeout = 0;
SET idle_in_transaction_session_timeout = 0;
SET transaction_timeout = 0;
SET client_encoding = 'UTF8';
SET standard_conforming_strings = on;
SELECT pg_catalog.set_config('search_path', '', false);
SET check_function_bodies = false;
SET xmloption = content;
SET client_min_messages = warning;
SET row_security = off;

SET default_tablespace = '';

SET default_table_access_method = heap;

--
-- Name: audit_auditlog; Type: TABLE; Schema: public; Owner: crowdfunding_user
--

CREATE TABLE public.audit_auditlog (
    id uuid NOT NULL,
    action character varying(255) NOT NULL,
    entity_type character varying(100) NOT NULL,
    entity_id uuid NOT NULL,
    metadata jsonb NOT NULL,
    created_at timestamp with time zone NOT NULL,
    actor_id uuid NOT NULL
);


ALTER TABLE public.audit_auditlog OWNER TO crowdfunding_user;

--
-- Name: auth_group; Type: TABLE; Schema: public; Owner: crowdfunding_user
--

CREATE TABLE public.auth_group (
    id integer NOT NULL,
    name character varying(150) NOT NULL
);


ALTER TABLE public.auth_group OWNER TO crowdfunding_user;

--
-- Name: auth_group_id_seq; Type: SEQUENCE; Schema: public; Owner: crowdfunding_user
--

ALTER TABLE public.auth_group ALTER COLUMN id ADD GENERATED BY DEFAULT AS IDENTITY (
    SEQUENCE NAME public.auth_group_id_seq
    START WITH 1
    INCREMENT BY 1
    NO MINVALUE
    NO MAXVALUE
    CACHE 1
);


--
-- Name: auth_group_permissions; Type: TABLE; Schema: public; Owner: crowdfunding_user
--

CREATE TABLE public.auth_group_permissions (
    id bigint NOT NULL,
    group_id integer NOT NULL,
    permission_id integer NOT NULL
);


ALTER TABLE public.auth_group_permissions OWNER TO crowdfunding_user;

--
-- Name: auth_group_permissions_id_seq; Type: SEQUENCE; Schema: public; Owner: crowdfunding_user
--

ALTER TABLE public.auth_group_permissions ALTER COLUMN id ADD GENERATED BY DEFAULT AS IDENTITY (
    SEQUENCE NAME public.auth_group_permissions_id_seq
    START WITH 1
    INCREMENT BY 1
    NO MINVALUE
    NO MAXVALUE
    CACHE 1
);


--
-- Name: auth_permission; Type: TABLE; Schema: public; Owner: crowdfunding_user
--

CREATE TABLE public.auth_permission (
    id integer NOT NULL,
    name character varying(255) NOT NULL,
    content_type_id integer NOT NULL,
    codename character varying(100) NOT NULL
);


ALTER TABLE public.auth_permission OWNER TO crowdfunding_user;

--
-- Name: auth_permission_id_seq; Type: SEQUENCE; Schema: public; Owner: crowdfunding_user
--

ALTER TABLE public.auth_permission ALTER COLUMN id ADD GENERATED BY DEFAULT AS IDENTITY (
    SEQUENCE NAME public.auth_permission_id_seq
    START WITH 1
    INCREMENT BY 1
    NO MINVALUE
    NO MAXVALUE
    CACHE 1
);


--
-- Name: authtoken_token; Type: TABLE; Schema: public; Owner: crowdfunding_user
--

CREATE TABLE public.authtoken_token (
    key character varying(40) NOT NULL,
    created timestamp with time zone NOT NULL,
    user_id uuid NOT NULL
);


ALTER TABLE public.authtoken_token OWNER TO crowdfunding_user;

--
-- Name: django_admin_log; Type: TABLE; Schema: public; Owner: crowdfunding_user
--

CREATE TABLE public.django_admin_log (
    id integer NOT NULL,
    action_time timestamp with time zone NOT NULL,
    object_id text,
    object_repr character varying(200) NOT NULL,
    action_flag smallint NOT NULL,
    change_message text NOT NULL,
    content_type_id integer,
    user_id uuid NOT NULL,
    CONSTRAINT django_admin_log_action_flag_check CHECK ((action_flag >= 0))
);


ALTER TABLE public.django_admin_log OWNER TO crowdfunding_user;

--
-- Name: django_admin_log_id_seq; Type: SEQUENCE; Schema: public; Owner: crowdfunding_user
--

ALTER TABLE public.django_admin_log ALTER COLUMN id ADD GENERATED BY DEFAULT AS IDENTITY (
    SEQUENCE NAME public.django_admin_log_id_seq
    START WITH 1
    INCREMENT BY 1
    NO MINVALUE
    NO MAXVALUE
    CACHE 1
);


--
-- Name: django_content_type; Type: TABLE; Schema: public; Owner: crowdfunding_user
--

CREATE TABLE public.django_content_type (
    id integer NOT NULL,
    app_label character varying(100) NOT NULL,
    model character varying(100) NOT NULL
);


ALTER TABLE public.django_content_type OWNER TO crowdfunding_user;

--
-- Name: django_content_type_id_seq; Type: SEQUENCE; Schema: public; Owner: crowdfunding_user
--

ALTER TABLE public.django_content_type ALTER COLUMN id ADD GENERATED BY DEFAULT AS IDENTITY (
    SEQUENCE NAME public.django_content_type_id_seq
    START WITH 1
    INCREMENT BY 1
    NO MINVALUE
    NO MAXVALUE
    CACHE 1
);


--
-- Name: django_migrations; Type: TABLE; Schema: public; Owner: crowdfunding_user
--

CREATE TABLE public.django_migrations (
    id bigint NOT NULL,
    app character varying(255) NOT NULL,
    name character varying(255) NOT NULL,
    applied timestamp with time zone NOT NULL
);


ALTER TABLE public.django_migrations OWNER TO crowdfunding_user;

--
-- Name: django_migrations_id_seq; Type: SEQUENCE; Schema: public; Owner: crowdfunding_user
--

ALTER TABLE public.django_migrations ALTER COLUMN id ADD GENERATED BY DEFAULT AS IDENTITY (
    SEQUENCE NAME public.django_migrations_id_seq
    START WITH 1
    INCREMENT BY 1
    NO MINVALUE
    NO MAXVALUE
    CACHE 1
);


--
-- Name: django_session; Type: TABLE; Schema: public; Owner: crowdfunding_user
--

CREATE TABLE public.django_session (
    session_key character varying(40) NOT NULL,
    session_data text NOT NULL,
    expire_date timestamp with time zone NOT NULL
);


ALTER TABLE public.django_session OWNER TO crowdfunding_user;

--
-- Name: projects_project; Type: TABLE; Schema: public; Owner: crowdfunding_user
--

CREATE TABLE public.projects_project (
    id bigint NOT NULL,
    title character varying(255) NOT NULL,
    description text NOT NULL,
    category character varying(100) NOT NULL,
    duration interval NOT NULL,
    total_project_value numeric(16,2) NOT NULL,
    total_shares bigint NOT NULL,
    status character varying(20) NOT NULL,
    is_archived boolean NOT NULL,
    created_at timestamp with time zone NOT NULL,
    updated_at timestamp with time zone NOT NULL,
    developer_id uuid NOT NULL,
    CONSTRAINT projects_project_total_shares_check CHECK ((total_shares >= 0))
);


ALTER TABLE public.projects_project OWNER TO crowdfunding_user;

--
-- Name: projects_project_id_seq; Type: SEQUENCE; Schema: public; Owner: crowdfunding_user
--

ALTER TABLE public.projects_project ALTER COLUMN id ADD GENERATED BY DEFAULT AS IDENTITY (
    SEQUENCE NAME public.projects_project_id_seq
    START WITH 1
    INCREMENT BY 1
    NO MINVALUE
    NO MAXVALUE
    CACHE 1
);


--
-- Name: projects_projectmedia; Type: TABLE; Schema: public; Owner: crowdfunding_user
--

CREATE TABLE public.projects_projectmedia (
    id bigint NOT NULL,
    file character varying(100) NOT NULL,
    media_type character varying(20) NOT NULL,
    is_restricted boolean NOT NULL,
    uploaded_at timestamp with time zone NOT NULL,
    is_deleted boolean NOT NULL,
    project_id bigint NOT NULL
);


ALTER TABLE public.projects_projectmedia OWNER TO crowdfunding_user;

--
-- Name: projects_projectmedia_id_seq; Type: SEQUENCE; Schema: public; Owner: crowdfunding_user
--

ALTER TABLE public.projects_projectmedia ALTER COLUMN id ADD GENERATED BY DEFAULT AS IDENTITY (
    SEQUENCE NAME public.projects_projectmedia_id_seq
    START WITH 1
    INCREMENT BY 1
    NO MINVALUE
    NO MAXVALUE
    CACHE 1
);


--
-- Name: users_user; Type: TABLE; Schema: public; Owner: crowdfunding_user
--

CREATE TABLE public.users_user (
    password character varying(128) NOT NULL,
    last_login timestamp with time zone,
    is_superuser boolean NOT NULL,
    id uuid NOT NULL,
    email character varying(254) NOT NULL,
    role character varying(20) NOT NULL,
    is_email_verified boolean NOT NULL,
    is_active boolean NOT NULL,
    is_staff boolean NOT NULL,
    created_at timestamp with time zone NOT NULL
);


ALTER TABLE public.users_user OWNER TO crowdfunding_user;

--
-- Name: users_user_groups; Type: TABLE; Schema: public; Owner: crowdfunding_user
--

CREATE TABLE public.users_user_groups (
    id bigint NOT NULL,
    user_id uuid NOT NULL,
    group_id integer NOT NULL
);


ALTER TABLE public.users_user_groups OWNER TO crowdfunding_user;

--
-- Name: users_user_groups_id_seq; Type: SEQUENCE; Schema: public; Owner: crowdfunding_user
--

ALTER TABLE public.users_user_groups ALTER COLUMN id ADD GENERATED BY DEFAULT AS IDENTITY (
    SEQUENCE NAME public.users_user_groups_id_seq
    START WITH 1
    INCREMENT BY 1
    NO MINVALUE
    NO MAXVALUE
    CACHE 1
);


--
-- Name: users_user_user_permissions; Type: TABLE; Schema: public; Owner: crowdfunding_user
--

CREATE TABLE public.users_user_user_permissions (
    id bigint NOT NULL,
    user_id uuid NOT NULL,
    permission_id integer NOT NULL
);


ALTER TABLE public.users_user_user_permissions OWNER TO crowdfunding_user;

--
-- Name: users_user_user_permissions_id_seq; Type: SEQUENCE; Schema: public; Owner: crowdfunding_user
--

ALTER TABLE public.users_user_user_permissions ALTER COLUMN id ADD GENERATED BY DEFAULT AS IDENTITY (
    SEQUENCE NAME public.users_user_user_permissions_id_seq
    START WITH 1
    INCREMENT BY 1
    NO MINVALUE
    NO MAXVALUE
    CACHE 1
);


--
-- Data for Name: audit_auditlog; Type: TABLE DATA; Schema: public; Owner: crowdfunding_user
--

COPY public.audit_auditlog (id, action, entity_type, entity_id, metadata, created_at, actor_id) FROM stdin;
\.


--
-- Data for Name: auth_group; Type: TABLE DATA; Schema: public; Owner: crowdfunding_user
--

COPY public.auth_group (id, name) FROM stdin;
\.


--
-- Data for Name: auth_group_permissions; Type: TABLE DATA; Schema: public; Owner: crowdfunding_user
--

COPY public.auth_group_permissions (id, group_id, permission_id) FROM stdin;
\.


--
-- Data for Name: auth_permission; Type: TABLE DATA; Schema: public; Owner: crowdfunding_user
--

COPY public.auth_permission (id, name, content_type_id, codename) FROM stdin;
1	Can add log entry	1	add_logentry
2	Can change log entry	1	change_logentry
3	Can delete log entry	1	delete_logentry
4	Can view log entry	1	view_logentry
5	Can add permission	3	add_permission
6	Can change permission	3	change_permission
7	Can delete permission	3	delete_permission
8	Can view permission	3	view_permission
9	Can add group	2	add_group
10	Can change group	2	change_group
11	Can delete group	2	delete_group
12	Can view group	2	view_group
13	Can add content type	4	add_contenttype
14	Can change content type	4	change_contenttype
15	Can delete content type	4	delete_contenttype
16	Can view content type	4	view_contenttype
17	Can add session	5	add_session
18	Can change session	5	change_session
19	Can delete session	5	delete_session
20	Can view session	5	view_session
21	Can add user	6	add_user
22	Can change user	6	change_user
23	Can delete user	6	delete_user
24	Can view user	6	view_user
25	Can add Token	7	add_token
26	Can change Token	7	change_token
27	Can delete Token	7	delete_token
28	Can view Token	7	view_token
29	Can add Token	8	add_tokenproxy
30	Can change Token	8	change_tokenproxy
31	Can delete Token	8	delete_tokenproxy
32	Can view Token	8	view_tokenproxy
33	Can add project	9	add_project
34	Can change project	9	change_project
35	Can delete project	9	delete_project
36	Can view project	9	view_project
37	Can add project media	10	add_projectmedia
38	Can change project media	10	change_projectmedia
39	Can delete project media	10	delete_projectmedia
40	Can view project media	10	view_projectmedia
41	Can add access request	11	add_accessrequest
42	Can change access request	11	change_accessrequest
43	Can delete access request	11	delete_accessrequest
44	Can view access request	11	view_accessrequest
45	Can add favorite	12	add_favorite
46	Can change favorite	12	change_favorite
47	Can delete favorite	12	delete_favorite
48	Can view favorite	12	view_favorite
49	Can add payment transaction	13	add_paymenttransaction
50	Can change payment transaction	13	change_paymenttransaction
51	Can delete payment transaction	13	delete_paymenttransaction
52	Can view payment transaction	13	view_paymenttransaction
53	Can add share purchase	14	add_sharepurchase
54	Can change share purchase	14	change_sharepurchase
55	Can delete share purchase	14	delete_sharepurchase
56	Can view share purchase	14	view_sharepurchase
57	Can add notification	15	add_notification
58	Can change notification	15	change_notification
59	Can delete notification	15	delete_notification
60	Can view notification	15	view_notification
61	Can add audit log	16	add_auditlog
62	Can change audit log	16	change_auditlog
63	Can delete audit log	16	delete_auditlog
64	Can view audit log	16	view_auditlog
\.


--
-- Data for Name: authtoken_token; Type: TABLE DATA; Schema: public; Owner: crowdfunding_user
--

COPY public.authtoken_token (key, created, user_id) FROM stdin;
\.


--
-- Data for Name: django_admin_log; Type: TABLE DATA; Schema: public; Owner: crowdfunding_user
--

COPY public.django_admin_log (id, action_time, object_id, object_repr, action_flag, change_message, content_type_id, user_id) FROM stdin;
\.


--
-- Data for Name: django_content_type; Type: TABLE DATA; Schema: public; Owner: crowdfunding_user
--

COPY public.django_content_type (id, app_label, model) FROM stdin;
1	admin	logentry
2	auth	group
3	auth	permission
4	contenttypes	contenttype
5	sessions	session
6	users	user
7	authtoken	token
8	authtoken	tokenproxy
9	projects	project
10	projects	projectmedia
11	access_requests	accessrequest
12	favorites	favorite
13	investments	paymenttransaction
14	investments	sharepurchase
15	notifications	notification
16	audit	auditlog
\.


--
-- Data for Name: django_migrations; Type: TABLE DATA; Schema: public; Owner: crowdfunding_user
--

COPY public.django_migrations (id, app, name, applied) FROM stdin;
1	contenttypes	0001_initial	2026-01-06 21:27:58.29807+00
2	contenttypes	0002_remove_content_type_name	2026-01-06 21:27:58.312627+00
3	auth	0001_initial	2026-01-06 21:27:58.352932+00
4	auth	0002_alter_permission_name_max_length	2026-01-06 21:27:58.365229+00
5	auth	0003_alter_user_email_max_length	2026-01-06 21:27:58.378613+00
6	auth	0004_alter_user_username_opts	2026-01-06 21:27:58.393015+00
7	auth	0005_alter_user_last_login_null	2026-01-06 21:27:58.400124+00
8	auth	0006_require_contenttypes_0002	2026-01-06 21:27:58.404143+00
9	auth	0007_alter_validators_add_error_messages	2026-01-06 21:27:58.412204+00
10	auth	0008_alter_user_username_max_length	2026-01-06 21:27:58.420803+00
11	auth	0009_alter_user_last_name_max_length	2026-01-06 21:27:58.430514+00
12	auth	0010_alter_group_name_max_length	2026-01-06 21:27:58.440004+00
13	auth	0011_update_proxy_permissions	2026-01-06 21:27:58.448885+00
14	auth	0012_alter_user_first_name_max_length	2026-01-06 21:27:58.457576+00
15	users	0001_initial	2026-01-06 21:27:58.489095+00
16	admin	0001_initial	2026-01-06 21:27:58.508217+00
17	admin	0002_logentry_remove_auto_add	2026-01-06 21:27:58.517489+00
18	admin	0003_logentry_add_action_flag_choices	2026-01-06 21:27:58.529808+00
19	sessions	0001_initial	2026-01-06 21:27:58.544996+00
20	authtoken	0001_initial	2026-01-07 08:44:46.87858+00
21	authtoken	0002_auto_20160226_1747	2026-01-07 08:44:46.931243+00
22	authtoken	0003_tokenproxy	2026-01-07 08:44:46.935871+00
23	authtoken	0004_alter_tokenproxy_options	2026-01-07 08:44:46.944181+00
24	projects	0001_initial	2026-01-07 08:44:46.96675+00
25	projects	0002_projectmedia	2026-01-07 08:44:46.988796+00
26	audit	0001_initial	2026-01-07 08:58:41.497851+00
\.


--
-- Data for Name: django_session; Type: TABLE DATA; Schema: public; Owner: crowdfunding_user
--

COPY public.django_session (session_key, session_data, expire_date) FROM stdin;
\.


--
-- Data for Name: projects_project; Type: TABLE DATA; Schema: public; Owner: crowdfunding_user
--

COPY public.projects_project (id, title, description, category, duration, total_project_value, total_shares, status, is_archived, created_at, updated_at, developer_id) FROM stdin;
\.


--
-- Data for Name: projects_projectmedia; Type: TABLE DATA; Schema: public; Owner: crowdfunding_user
--

COPY public.projects_projectmedia (id, file, media_type, is_restricted, uploaded_at, is_deleted, project_id) FROM stdin;
\.


--
-- Data for Name: users_user; Type: TABLE DATA; Schema: public; Owner: crowdfunding_user
--

COPY public.users_user (password, last_login, is_superuser, id, email, role, is_email_verified, is_active, is_staff, created_at) FROM stdin;
\.


--
-- Data for Name: users_user_groups; Type: TABLE DATA; Schema: public; Owner: crowdfunding_user
--

COPY public.users_user_groups (id, user_id, group_id) FROM stdin;
\.


--
-- Data for Name: users_user_user_permissions; Type: TABLE DATA; Schema: public; Owner: crowdfunding_user
--

COPY public.users_user_user_permissions (id, user_id, permission_id) FROM stdin;
\.


--
-- Name: auth_group_id_seq; Type: SEQUENCE SET; Schema: public; Owner: crowdfunding_user
--

SELECT pg_catalog.setval('public.auth_group_id_seq', 1, false);


--
-- Name: auth_group_permissions_id_seq; Type: SEQUENCE SET; Schema: public; Owner: crowdfunding_user
--

SELECT pg_catalog.setval('public.auth_group_permissions_id_seq', 1, false);


--
-- Name: auth_permission_id_seq; Type: SEQUENCE SET; Schema: public; Owner: crowdfunding_user
--

SELECT pg_catalog.setval('public.auth_permission_id_seq', 64, true);


--
-- Name: django_admin_log_id_seq; Type: SEQUENCE SET; Schema: public; Owner: crowdfunding_user
--

SELECT pg_catalog.setval('public.django_admin_log_id_seq', 1, false);


--
-- Name: django_content_type_id_seq; Type: SEQUENCE SET; Schema: public; Owner: crowdfunding_user
--

SELECT pg_catalog.setval('public.django_content_type_id_seq', 16, true);


--
-- Name: django_migrations_id_seq; Type: SEQUENCE SET; Schema: public; Owner: crowdfunding_user
--

SELECT pg_catalog.setval('public.django_migrations_id_seq', 26, true);


--
-- Name: projects_project_id_seq; Type: SEQUENCE SET; Schema: public; Owner: crowdfunding_user
--

SELECT pg_catalog.setval('public.projects_project_id_seq', 1, false);


--
-- Name: projects_projectmedia_id_seq; Type: SEQUENCE SET; Schema: public; Owner: crowdfunding_user
--

SELECT pg_catalog.setval('public.projects_projectmedia_id_seq', 1, false);


--
-- Name: users_user_groups_id_seq; Type: SEQUENCE SET; Schema: public; Owner: crowdfunding_user
--

SELECT pg_catalog.setval('public.users_user_groups_id_seq', 1, false);


--
-- Name: users_user_user_permissions_id_seq; Type: SEQUENCE SET; Schema: public; Owner: crowdfunding_user
--

SELECT pg_catalog.setval('public.users_user_user_permissions_id_seq', 1, false);


--
-- Name: audit_auditlog audit_auditlog_pkey; Type: CONSTRAINT; Schema: public; Owner: crowdfunding_user
--

ALTER TABLE ONLY public.audit_auditlog
    ADD CONSTRAINT audit_auditlog_pkey PRIMARY KEY (id);


--
-- Name: auth_group auth_group_name_key; Type: CONSTRAINT; Schema: public; Owner: crowdfunding_user
--

ALTER TABLE ONLY public.auth_group
    ADD CONSTRAINT auth_group_name_key UNIQUE (name);


--
-- Name: auth_group_permissions auth_group_permissions_group_id_permission_id_0cd325b0_uniq; Type: CONSTRAINT; Schema: public; Owner: crowdfunding_user
--

ALTER TABLE ONLY public.auth_group_permissions
    ADD CONSTRAINT auth_group_permissions_group_id_permission_id_0cd325b0_uniq UNIQUE (group_id, permission_id);


--
-- Name: auth_group_permissions auth_group_permissions_pkey; Type: CONSTRAINT; Schema: public; Owner: crowdfunding_user
--

ALTER TABLE ONLY public.auth_group_permissions
    ADD CONSTRAINT auth_group_permissions_pkey PRIMARY KEY (id);


--
-- Name: auth_group auth_group_pkey; Type: CONSTRAINT; Schema: public; Owner: crowdfunding_user
--

ALTER TABLE ONLY public.auth_group
    ADD CONSTRAINT auth_group_pkey PRIMARY KEY (id);


--
-- Name: auth_permission auth_permission_content_type_id_codename_01ab375a_uniq; Type: CONSTRAINT; Schema: public; Owner: crowdfunding_user
--

ALTER TABLE ONLY public.auth_permission
    ADD CONSTRAINT auth_permission_content_type_id_codename_01ab375a_uniq UNIQUE (content_type_id, codename);


--
-- Name: auth_permission auth_permission_pkey; Type: CONSTRAINT; Schema: public; Owner: crowdfunding_user
--

ALTER TABLE ONLY public.auth_permission
    ADD CONSTRAINT auth_permission_pkey PRIMARY KEY (id);


--
-- Name: authtoken_token authtoken_token_pkey; Type: CONSTRAINT; Schema: public; Owner: crowdfunding_user
--

ALTER TABLE ONLY public.authtoken_token
    ADD CONSTRAINT authtoken_token_pkey PRIMARY KEY (key);


--
-- Name: authtoken_token authtoken_token_user_id_key; Type: CONSTRAINT; Schema: public; Owner: crowdfunding_user
--

ALTER TABLE ONLY public.authtoken_token
    ADD CONSTRAINT authtoken_token_user_id_key UNIQUE (user_id);


--
-- Name: django_admin_log django_admin_log_pkey; Type: CONSTRAINT; Schema: public; Owner: crowdfunding_user
--

ALTER TABLE ONLY public.django_admin_log
    ADD CONSTRAINT django_admin_log_pkey PRIMARY KEY (id);


--
-- Name: django_content_type django_content_type_app_label_model_76bd3d3b_uniq; Type: CONSTRAINT; Schema: public; Owner: crowdfunding_user
--

ALTER TABLE ONLY public.django_content_type
    ADD CONSTRAINT django_content_type_app_label_model_76bd3d3b_uniq UNIQUE (app_label, model);


--
-- Name: django_content_type django_content_type_pkey; Type: CONSTRAINT; Schema: public; Owner: crowdfunding_user
--

ALTER TABLE ONLY public.django_content_type
    ADD CONSTRAINT django_content_type_pkey PRIMARY KEY (id);


--
-- Name: django_migrations django_migrations_pkey; Type: CONSTRAINT; Schema: public; Owner: crowdfunding_user
--

ALTER TABLE ONLY public.django_migrations
    ADD CONSTRAINT django_migrations_pkey PRIMARY KEY (id);


--
-- Name: django_session django_session_pkey; Type: CONSTRAINT; Schema: public; Owner: crowdfunding_user
--

ALTER TABLE ONLY public.django_session
    ADD CONSTRAINT django_session_pkey PRIMARY KEY (session_key);


--
-- Name: projects_project projects_project_pkey; Type: CONSTRAINT; Schema: public; Owner: crowdfunding_user
--

ALTER TABLE ONLY public.projects_project
    ADD CONSTRAINT projects_project_pkey PRIMARY KEY (id);


--
-- Name: projects_projectmedia projects_projectmedia_pkey; Type: CONSTRAINT; Schema: public; Owner: crowdfunding_user
--

ALTER TABLE ONLY public.projects_projectmedia
    ADD CONSTRAINT projects_projectmedia_pkey PRIMARY KEY (id);


--
-- Name: users_user users_user_email_key; Type: CONSTRAINT; Schema: public; Owner: crowdfunding_user
--

ALTER TABLE ONLY public.users_user
    ADD CONSTRAINT users_user_email_key UNIQUE (email);


--
-- Name: users_user_groups users_user_groups_pkey; Type: CONSTRAINT; Schema: public; Owner: crowdfunding_user
--

ALTER TABLE ONLY public.users_user_groups
    ADD CONSTRAINT users_user_groups_pkey PRIMARY KEY (id);


--
-- Name: users_user_groups users_user_groups_user_id_group_id_b88eab82_uniq; Type: CONSTRAINT; Schema: public; Owner: crowdfunding_user
--

ALTER TABLE ONLY public.users_user_groups
    ADD CONSTRAINT users_user_groups_user_id_group_id_b88eab82_uniq UNIQUE (user_id, group_id);


--
-- Name: users_user users_user_pkey; Type: CONSTRAINT; Schema: public; Owner: crowdfunding_user
--

ALTER TABLE ONLY public.users_user
    ADD CONSTRAINT users_user_pkey PRIMARY KEY (id);


--
-- Name: users_user_user_permissions users_user_user_permissions_pkey; Type: CONSTRAINT; Schema: public; Owner: crowdfunding_user
--

ALTER TABLE ONLY public.users_user_user_permissions
    ADD CONSTRAINT users_user_user_permissions_pkey PRIMARY KEY (id);


--
-- Name: users_user_user_permissions users_user_user_permissions_user_id_permission_id_43338c45_uniq; Type: CONSTRAINT; Schema: public; Owner: crowdfunding_user
--

ALTER TABLE ONLY public.users_user_user_permissions
    ADD CONSTRAINT users_user_user_permissions_user_id_permission_id_43338c45_uniq UNIQUE (user_id, permission_id);


--
-- Name: audit_auditlog_actor_id_20e70a27; Type: INDEX; Schema: public; Owner: crowdfunding_user
--

CREATE INDEX audit_auditlog_actor_id_20e70a27 ON public.audit_auditlog USING btree (actor_id);


--
-- Name: auth_group_name_a6ea08ec_like; Type: INDEX; Schema: public; Owner: crowdfunding_user
--

CREATE INDEX auth_group_name_a6ea08ec_like ON public.auth_group USING btree (name varchar_pattern_ops);


--
-- Name: auth_group_permissions_group_id_b120cbf9; Type: INDEX; Schema: public; Owner: crowdfunding_user
--

CREATE INDEX auth_group_permissions_group_id_b120cbf9 ON public.auth_group_permissions USING btree (group_id);


--
-- Name: auth_group_permissions_permission_id_84c5c92e; Type: INDEX; Schema: public; Owner: crowdfunding_user
--

CREATE INDEX auth_group_permissions_permission_id_84c5c92e ON public.auth_group_permissions USING btree (permission_id);


--
-- Name: auth_permission_content_type_id_2f476e4b; Type: INDEX; Schema: public; Owner: crowdfunding_user
--

CREATE INDEX auth_permission_content_type_id_2f476e4b ON public.auth_permission USING btree (content_type_id);


--
-- Name: authtoken_token_key_10f0b77e_like; Type: INDEX; Schema: public; Owner: crowdfunding_user
--

CREATE INDEX authtoken_token_key_10f0b77e_like ON public.authtoken_token USING btree (key varchar_pattern_ops);


--
-- Name: django_admin_log_content_type_id_c4bce8eb; Type: INDEX; Schema: public; Owner: crowdfunding_user
--

CREATE INDEX django_admin_log_content_type_id_c4bce8eb ON public.django_admin_log USING btree (content_type_id);


--
-- Name: django_admin_log_user_id_c564eba6; Type: INDEX; Schema: public; Owner: crowdfunding_user
--

CREATE INDEX django_admin_log_user_id_c564eba6 ON public.django_admin_log USING btree (user_id);


--
-- Name: django_session_expire_date_a5c62663; Type: INDEX; Schema: public; Owner: crowdfunding_user
--

CREATE INDEX django_session_expire_date_a5c62663 ON public.django_session USING btree (expire_date);


--
-- Name: django_session_session_key_c0390e0f_like; Type: INDEX; Schema: public; Owner: crowdfunding_user
--

CREATE INDEX django_session_session_key_c0390e0f_like ON public.django_session USING btree (session_key varchar_pattern_ops);


--
-- Name: projects_project_developer_id_312dcb50; Type: INDEX; Schema: public; Owner: crowdfunding_user
--

CREATE INDEX projects_project_developer_id_312dcb50 ON public.projects_project USING btree (developer_id);


--
-- Name: projects_projectmedia_project_id_38dbd085; Type: INDEX; Schema: public; Owner: crowdfunding_user
--

CREATE INDEX projects_projectmedia_project_id_38dbd085 ON public.projects_projectmedia USING btree (project_id);


--
-- Name: users_user_email_243f6e77_like; Type: INDEX; Schema: public; Owner: crowdfunding_user
--

CREATE INDEX users_user_email_243f6e77_like ON public.users_user USING btree (email varchar_pattern_ops);


--
-- Name: users_user_groups_group_id_9afc8d0e; Type: INDEX; Schema: public; Owner: crowdfunding_user
--

CREATE INDEX users_user_groups_group_id_9afc8d0e ON public.users_user_groups USING btree (group_id);


--
-- Name: users_user_groups_user_id_5f6f5a90; Type: INDEX; Schema: public; Owner: crowdfunding_user
--

CREATE INDEX users_user_groups_user_id_5f6f5a90 ON public.users_user_groups USING btree (user_id);


--
-- Name: users_user_user_permissions_permission_id_0b93982e; Type: INDEX; Schema: public; Owner: crowdfunding_user
--

CREATE INDEX users_user_user_permissions_permission_id_0b93982e ON public.users_user_user_permissions USING btree (permission_id);


--
-- Name: users_user_user_permissions_user_id_20aca447; Type: INDEX; Schema: public; Owner: crowdfunding_user
--

CREATE INDEX users_user_user_permissions_user_id_20aca447 ON public.users_user_user_permissions USING btree (user_id);


--
-- Name: audit_auditlog audit_auditlog_actor_id_20e70a27_fk_users_user_id; Type: FK CONSTRAINT; Schema: public; Owner: crowdfunding_user
--

ALTER TABLE ONLY public.audit_auditlog
    ADD CONSTRAINT audit_auditlog_actor_id_20e70a27_fk_users_user_id FOREIGN KEY (actor_id) REFERENCES public.users_user(id) DEFERRABLE INITIALLY DEFERRED;


--
-- Name: auth_group_permissions auth_group_permissio_permission_id_84c5c92e_fk_auth_perm; Type: FK CONSTRAINT; Schema: public; Owner: crowdfunding_user
--

ALTER TABLE ONLY public.auth_group_permissions
    ADD CONSTRAINT auth_group_permissio_permission_id_84c5c92e_fk_auth_perm FOREIGN KEY (permission_id) REFERENCES public.auth_permission(id) DEFERRABLE INITIALLY DEFERRED;


--
-- Name: auth_group_permissions auth_group_permissions_group_id_b120cbf9_fk_auth_group_id; Type: FK CONSTRAINT; Schema: public; Owner: crowdfunding_user
--

ALTER TABLE ONLY public.auth_group_permissions
    ADD CONSTRAINT auth_group_permissions_group_id_b120cbf9_fk_auth_group_id FOREIGN KEY (group_id) REFERENCES public.auth_group(id) DEFERRABLE INITIALLY DEFERRED;


--
-- Name: auth_permission auth_permission_content_type_id_2f476e4b_fk_django_co; Type: FK CONSTRAINT; Schema: public; Owner: crowdfunding_user
--

ALTER TABLE ONLY public.auth_permission
    ADD CONSTRAINT auth_permission_content_type_id_2f476e4b_fk_django_co FOREIGN KEY (content_type_id) REFERENCES public.django_content_type(id) DEFERRABLE INITIALLY DEFERRED;


--
-- Name: authtoken_token authtoken_token_user_id_35299eff_fk_users_user_id; Type: FK CONSTRAINT; Schema: public; Owner: crowdfunding_user
--

ALTER TABLE ONLY public.authtoken_token
    ADD CONSTRAINT authtoken_token_user_id_35299eff_fk_users_user_id FOREIGN KEY (user_id) REFERENCES public.users_user(id) DEFERRABLE INITIALLY DEFERRED;


--
-- Name: django_admin_log django_admin_log_content_type_id_c4bce8eb_fk_django_co; Type: FK CONSTRAINT; Schema: public; Owner: crowdfunding_user
--

ALTER TABLE ONLY public.django_admin_log
    ADD CONSTRAINT django_admin_log_content_type_id_c4bce8eb_fk_django_co FOREIGN KEY (content_type_id) REFERENCES public.django_content_type(id) DEFERRABLE INITIALLY DEFERRED;


--
-- Name: django_admin_log django_admin_log_user_id_c564eba6_fk_users_user_id; Type: FK CONSTRAINT; Schema: public; Owner: crowdfunding_user
--

ALTER TABLE ONLY public.django_admin_log
    ADD CONSTRAINT django_admin_log_user_id_c564eba6_fk_users_user_id FOREIGN KEY (user_id) REFERENCES public.users_user(id) DEFERRABLE INITIALLY DEFERRED;


--
-- Name: projects_project projects_project_developer_id_312dcb50_fk_users_user_id; Type: FK CONSTRAINT; Schema: public; Owner: crowdfunding_user
--

ALTER TABLE ONLY public.projects_project
    ADD CONSTRAINT projects_project_developer_id_312dcb50_fk_users_user_id FOREIGN KEY (developer_id) REFERENCES public.users_user(id) DEFERRABLE INITIALLY DEFERRED;


--
-- Name: projects_projectmedia projects_projectmedi_project_id_38dbd085_fk_projects_; Type: FK CONSTRAINT; Schema: public; Owner: crowdfunding_user
--

ALTER TABLE ONLY public.projects_projectmedia
    ADD CONSTRAINT projects_projectmedi_project_id_38dbd085_fk_projects_ FOREIGN KEY (project_id) REFERENCES public.projects_project(id) DEFERRABLE INITIALLY DEFERRED;


--
-- Name: users_user_groups users_user_groups_group_id_9afc8d0e_fk_auth_group_id; Type: FK CONSTRAINT; Schema: public; Owner: crowdfunding_user
--

ALTER TABLE ONLY public.users_user_groups
    ADD CONSTRAINT users_user_groups_group_id_9afc8d0e_fk_auth_group_id FOREIGN KEY (group_id) REFERENCES public.auth_group(id) DEFERRABLE INITIALLY DEFERRED;


--
-- Name: users_user_groups users_user_groups_user_id_5f6f5a90_fk_users_user_id; Type: FK CONSTRAINT; Schema: public; Owner: crowdfunding_user
--

ALTER TABLE ONLY public.users_user_groups
    ADD CONSTRAINT users_user_groups_user_id_5f6f5a90_fk_users_user_id FOREIGN KEY (user_id) REFERENCES public.users_user(id) DEFERRABLE INITIALLY DEFERRED;


--
-- Name: users_user_user_permissions users_user_user_perm_permission_id_0b93982e_fk_auth_perm; Type: FK CONSTRAINT; Schema: public; Owner: crowdfunding_user
--

ALTER TABLE ONLY public.users_user_user_permissions
    ADD CONSTRAINT users_user_user_perm_permission_id_0b93982e_fk_auth_perm FOREIGN KEY (permission_id) REFERENCES public.auth_permission(id) DEFERRABLE INITIALLY DEFERRED;


--
-- Name: users_user_user_permissions users_user_user_permissions_user_id_20aca447_fk_users_user_id; Type: FK CONSTRAINT; Schema: public; Owner: crowdfunding_user
--

ALTER TABLE ONLY public.users_user_user_permissions
    ADD CONSTRAINT users_user_user_permissions_user_id_20aca447_fk_users_user_id FOREIGN KEY (user_id) REFERENCES public.users_user(id) DEFERRABLE INITIALLY DEFERRED;


--
-- Name: SCHEMA public; Type: ACL; Schema: -; Owner: pg_database_owner
--

GRANT ALL ON SCHEMA public TO crowdfunding_user;


--
-- Name: DEFAULT PRIVILEGES FOR SEQUENCES; Type: DEFAULT ACL; Schema: public; Owner: postgres
--

ALTER DEFAULT PRIVILEGES FOR ROLE postgres IN SCHEMA public GRANT ALL ON SEQUENCES TO crowdfunding_user;


--
-- Name: DEFAULT PRIVILEGES FOR TABLES; Type: DEFAULT ACL; Schema: public; Owner: postgres
--

ALTER DEFAULT PRIVILEGES FOR ROLE postgres IN SCHEMA public GRANT ALL ON TABLES TO crowdfunding_user;


--
-- PostgreSQL database dump complete
--

\unrestrict u8LhJF6NZFoT6V7aGJbHikMSH7SbR3V7XhWI4QyxAeMPgJYvkXNeoLkVOWb8hiJ

